{"cameraMode":{"drawMode":0,"name":"Shaded","section":"Shading Mode"},"sceneLighting":true,"audioPlay":false,"sceneViewState":{"m_AlwaysRefresh":false,"showFog":true,"showSkybox":true,"showFlares":true,"showImageEffects":true,"showParticleSystems":true,"showVisualEffectGraphs":true,"m_FxEnabled":true},"in2DMode":false,"pivot":{"x":-5.190954685211182,"y":-0.10574603080749512,"z":-7.388576984405518},"rotation":{"x":-0.002184104174375534,"y":0.9679257273674011,"z":-0.25108399987220766,"w":-0.008420458063483239},"size":5.70725154876709,"orthographic":false}